{
    "dataset": 3,
    "size": 80,
    "threads-quantity": 16,
    "measured-results": [
        1.4981231689453125,
        0.04704761505126953,
        0.04500579833984375,
        0.04595494270324707,
        0.043712615966796875,
        0.046018123626708984,
        0.044013261795043945,
        0.04404187202453613,
        0.043935298919677734,
        0.045996665954589844
    ]
}