{
    "dataset": 2,
    "size": 40,
    "threads-quantity": 13,
    "measured-results": [
        1.2938525676727295,
        1.335385799407959,
        1.263688087463379,
        1.2641441822052002,
        1.2736635208129883,
        1.2840585708618164,
        1.2589643001556396,
        1.2593088150024414,
        1.2836244106292725,
        1.2749748229980469
    ]
}