{
    "dataset": 1,
    "size": 20,
    "threads-quantity": 7,
    "measured-results": [
        0.18499302864074707,
        0.18253302574157715,
        0.18448328971862793,
        0.19242548942565918,
        0.1835789680480957,
        0.1805098056793213,
        0.18412184715270996,
        0.18499231338500977,
        0.19258975982666016,
        0.1862802505493164
    ]
}