{
    "dataset": 3,
    "size": 80,
    "threads-quantity": 1,
    "measured-results": [
        1.019094705581665,
        0.3120079040527344,
        0.311004638671875,
        0.3099942207336426,
        0.31103014945983887,
        0.307969331741333,
        0.3099997043609619,
        0.3110053539276123,
        0.3090052604675293,
        0.31099486351013184
    ]
}