{
    "dataset": 8,
    "size": 500,
    "threads-quantity": 4,
    "measured-results": [
        20.471027135849,
        20.969620943069458,
        21.936468839645386,
        21.15657901763916,
        20.766095876693726,
        20.723997592926025,
        21.84946084022522,
        20.721261262893677,
        21.083216905593872,
        21.054064989089966
    ]
}