{
    "dataset": 6,
    "size": 300,
    "threads-quantity": 1,
    "measured-results": [
        16.619046688079834,
        15.867067337036133,
        15.956062078475952,
        15.80769944190979,
        15.826418399810791,
        15.803081035614014,
        15.779643535614014,
        15.744739532470703,
        15.770252227783203,
        15.735589981079102
    ]
}