{
    "dataset": 2,
    "size": 40,
    "threads-quantity": 31,
    "measured-results": [
        2.3823091983795166,
        0.08101868629455566,
        0.062014102935791016,
        0.05301260948181152,
        0.03900766372680664,
        0.04701113700866699,
        0.021004676818847656,
        0.023005247116088867,
        0.01900482177734375,
        0.022004365921020508
    ]
}