{
    "dataset": 4,
    "size": 100,
    "threads-quantity": 10,
    "measured-results": [
        1.2109789848327637,
        1.2290384769439697,
        1.2144782543182373,
        1.1974525451660156,
        1.200453519821167,
        1.2025771141052246,
        1.2367942333221436,
        1.1962106227874756,
        1.2740428447723389,
        1.3218843936920166
    ]
}