{
    "dataset": 3,
    "size": 80,
    "threads-quantity": 7,
    "measured-results": [
        1.0292761325836182,
        1.0277457237243652,
        0.9788351058959961,
        0.968226432800293,
        0.9817967414855957,
        1.002145528793335,
        0.9860353469848633,
        0.9800589084625244,
        0.9781687259674072,
        0.9638221263885498
    ]
}