{
    "dataset": 4,
    "size": 100,
    "threads-quantity": 4,
    "measured-results": [
        0.9590210914611816,
        0.9564290046691895,
        0.9699809551239014,
        0.959510326385498,
        0.961071252822876,
        0.9529972076416016,
        0.958998441696167,
        0.9750001430511475,
        0.958003044128418,
        0.9600179195404053
    ]
}