{
    "dataset": 2,
    "size": 40,
    "threads-quantity": 1,
    "measured-results": [
        0.7470943927764893,
        0.7334239482879639,
        0.7455863952636719,
        0.7250008583068848,
        0.7366046905517578,
        0.7253878116607666,
        0.7140030860900879,
        0.7150082588195801,
        0.7144155502319336,
        0.7445797920227051
    ]
}