{
    "dataset": 7,
    "size": 400,
    "threads-quantity": 10,
    "measured-results": [
        6.871721982955933,
        6.595646858215332,
        6.550554990768433,
        6.63290810585022,
        6.660148620605469,
        6.671980381011963,
        6.736019134521484,
        6.66442608833313,
        6.496588468551636,
        6.675016164779663
    ]
}