{
    "dataset": 3,
    "size": 80,
    "threads-quantity": 16,
    "measured-results": [
        0.3677678108215332,
        0.3734090328216553,
        0.36032700538635254,
        0.3944127559661865,
        0.48044705390930176,
        0.3981201648712158,
        0.35744476318359375,
        0.35851359367370605,
        0.3590855598449707,
        0.39193177223205566
    ]
}