{
    "dataset": 7,
    "size": 400,
    "threads-quantity": 1,
    "measured-results": [
        38.3086371421814,
        38.66104698181152,
        37.8160674571991,
        38.8240487575531,
        37.68706154823303,
        37.75706505775452,
        37.798057079315186,
        37.846487045288086,
        37.88905572891235,
        38.40206527709961
    ]
}