{
    "dataset": 1,
    "size": 20,
    "threads-quantity": 1,
    "measured-results": [
        0.6777591705322266,
        0.6708345413208008,
        0.674410343170166,
        0.670586347579956,
        0.6744184494018555,
        0.6960992813110352,
        0.6778275966644287,
        0.6749587059020996,
        0.6761295795440674,
        0.6716864109039307
    ]
}