{
    "dataset": 8,
    "size": 500,
    "threads-quantity": 4,
    "measured-results": [
        20.43964982032776,
        20.251651525497437,
        20.22380805015564,
        21.045575380325317,
        20.417499780654907,
        20.37303590774536,
        20.210071086883545,
        20.60700011253357,
        20.415035247802734,
        20.43962025642395
    ]
}