{
    "dataset": 3,
    "size": 80,
    "threads-quantity": 4,
    "measured-results": [
        0.8770661354064941,
        0.8779492378234863,
        0.8760495185852051,
        0.8844497203826904,
        0.893841028213501,
        0.8796544075012207,
        0.8730118274688721,
        0.876997709274292,
        0.8760039806365967,
        0.8869965076446533
    ]
}