{
    "dataset": 8,
    "size": 500,
    "threads-quantity": 1,
    "measured-results": [
        74.687007188797,
        73.79628872871399,
        73.84428787231445,
        73.65703344345093,
        73.63934898376465,
        73.81350517272949,
        73.70630812644958,
        73.78976202011108,
        73.69891357421875,
        73.51809620857239
    ]
}