{
    "dataset": 2,
    "size": 40,
    "threads-quantity": 16,
    "measured-results": [
        1.432945728302002,
        1.4642162322998047,
        1.4995160102844238,
        1.4407191276550293,
        1.4310109615325928,
        1.4147124290466309,
        1.462273120880127,
        1.4296119213104248,
        1.4224162101745605,
        1.456730604171753
    ]
}