{
    "dataset": 8,
    "size": 500,
    "threads-quantity": 10,
    "measured-results": [
        11.730937242507935,
        10.5982985496521,
        10.606869220733643,
        10.490809202194214,
        10.60386610031128,
        10.590047836303711,
        10.512027263641357,
        10.605247259140015,
        10.581532955169678,
        10.577350854873657
    ]
}