{
    "dataset": 4,
    "size": 100,
    "threads-quantity": 22,
    "measured-results": [
        2.036722421646118,
        0.10363054275512695,
        0.09202146530151367,
        0.08703136444091797,
        0.08968997001647949,
        0.08710360527038574,
        0.08501911163330078,
        0.08401870727539062,
        0.08833789825439453,
        0.0829463005065918
    ]
}