{
    "dataset": 7,
    "size": 400,
    "threads-quantity": 10,
    "measured-results": [
        6.0844995975494385,
        6.143061399459839,
        5.9911415576934814,
        5.947835683822632,
        5.980103492736816,
        5.961891174316406,
        5.976309537887573,
        5.926705360412598,
        5.944793701171875,
        5.943760633468628
    ]
}