{
    "dataset": 5,
    "size": 200,
    "threads-quantity": 4,
    "measured-results": [
        2.1089870929718018,
        2.084991455078125,
        2.0340046882629395,
        2.0780093669891357,
        2.088005781173706,
        2.045008897781372,
        2.0659918785095215,
        2.0680007934570312,
        2.079416275024414,
        2.057123899459839
    ]
}