{
    "dataset": 5,
    "size": 200,
    "threads-quantity": 1,
    "measured-results": [
        5.489013195037842,
        4.77043342590332,
        4.764152765274048,
        4.756899833679199,
        4.751023769378662,
        4.774001836776733,
        4.763022184371948,
        4.7590172290802,
        4.749277114868164,
        4.734760999679565
    ]
}