{
    "dataset": 3,
    "size": 80,
    "threads-quantity": 7,
    "measured-results": [
        0.9450068473815918,
        0.06687688827514648,
        0.06091427803039551,
        0.06320691108703613,
        0.06779241561889648,
        0.06391310691833496,
        0.06259655952453613,
        0.06511306762695312,
        0.06359386444091797,
        0.0649871826171875
    ]
}