{
    "dataset": 4,
    "size": 100,
    "threads-quantity": 1,
    "measured-results": [
        1.3048598766326904,
        0.6049747467041016,
        0.6091926097869873,
        0.604290246963501,
        0.6055707931518555,
        0.6059842109680176,
        0.6049895286560059,
        0.6050031185150146,
        0.6067297458648682,
        0.6032788753509521
    ]
}