{
    "dataset": 1,
    "size": 20,
    "threads-quantity": 10,
    "measured-results": [
        0.21503233909606934,
        0.2134692668914795,
        0.21500086784362793,
        0.22064518928527832,
        0.2213139533996582,
        0.21360111236572266,
        0.21422910690307617,
        0.21983003616333008,
        0.23756027221679688,
        0.22182679176330566
    ]
}