{
    "dataset": 1,
    "size": 20,
    "threads-quantity": 4,
    "measured-results": [
        0.7665877342224121,
        0.7827801704406738,
        0.8030734062194824,
        0.7849342823028564,
        0.7837119102478027,
        0.7811911106109619,
        0.7992346286773682,
        0.7789006233215332,
        0.8029475212097168,
        0.8099172115325928
    ]
}