{
    "dataset": 7,
    "size": 400,
    "threads-quantity": 16,
    "measured-results": [
        5.982360124588013,
        4.395999908447266,
        4.5727317333221436,
        4.46443510055542,
        4.208450794219971,
        4.232152462005615,
        4.219245195388794,
        4.23979115486145,
        4.221433639526367,
        4.359054803848267
    ]
}