{
    "dataset": 7,
    "size": 400,
    "threads-quantity": 4,
    "measured-results": [
        10.551018953323364,
        10.435361862182617,
        10.431662797927856,
        10.400044202804565,
        10.594027519226074,
        10.615005493164062,
        10.442525386810303,
        10.550507307052612,
        10.559019088745117,
        10.729017972946167
    ]
}