{
    "dataset": 3,
    "size": 80,
    "threads-quantity": 28,
    "measured-results": [
        2.5103609561920166,
        0.11202549934387207,
        0.08401918411254883,
        0.06401515007019043,
        0.06801462173461914,
        0.05398273468017578,
        0.04700183868408203,
        0.04499411582946777,
        0.04501008987426758,
        0.045989036560058594
    ]
}