{
    "dataset": 7,
    "size": 400,
    "threads-quantity": 7,
    "measured-results": [
        7.3472206592559814,
        7.547009229660034,
        7.44902229309082,
        7.359013319015503,
        7.437245607376099,
        7.721779823303223,
        7.556613922119141,
        7.570992708206177,
        7.575008392333984,
        7.4626500606536865
    ]
}