{
    "dataset": 8,
    "size": 500,
    "threads-quantity": 7,
    "measured-results": [
        13.407004833221436,
        12.517705917358398,
        12.535825967788696,
        12.383701086044312,
        12.705390691757202,
        12.501165628433228,
        12.793933629989624,
        12.655052900314331,
        12.265044927597046,
        12.479061126708984
    ]
}