{
    "dataset": 7,
    "size": 400,
    "threads-quantity": 1,
    "measured-results": [
        38.43952751159668,
        37.47177743911743,
        37.47006869316101,
        37.40918469429016,
        37.47110867500305,
        37.47715640068054,
        37.43515467643738,
        37.478721141815186,
        37.474992513656616,
        37.468735456466675
    ]
}