{
    "dataset": 3,
    "size": 80,
    "threads-quantity": 16,
    "measured-results": [
        1.578385591506958,
        1.5480339527130127,
        1.5115783214569092,
        1.5267267227172852,
        1.4973058700561523,
        1.4823520183563232,
        1.5177710056304932,
        1.5198211669921875,
        1.4920399188995361,
        1.4900445938110352
    ]
}