{
    "dataset": 8,
    "size": 500,
    "threads-quantity": 4,
    "measured-results": [
        19.861987352371216,
        18.877025842666626,
        19.30802273750305,
        19.001079320907593,
        19.04810380935669,
        19.004059314727783,
        19.05013346672058,
        19.178027629852295,
        19.069654941558838,
        19.084080457687378
    ]
}