{
    "dataset": 6,
    "size": 300,
    "threads-quantity": 25,
    "measured-results": [
        4.299009084701538,
        1.8510034084320068,
        1.8359696865081787,
        1.8410487174987793,
        1.8280003070831299,
        1.8440189361572266,
        1.8164210319519043,
        1.9216418266296387,
        2.0069644451141357,
        1.9219985008239746
    ]
}