{
    "dataset": 1,
    "size": 20,
    "threads-quantity": 16,
    "measured-results": [
        1.4299979209899902,
        1.4337897300720215,
        1.387131690979004,
        1.3893122673034668,
        1.3932740688323975,
        1.3774168491363525,
        1.4054434299468994,
        1.3991401195526123,
        1.452634334564209,
        1.4912662506103516
    ]
}