{
    "dataset": 2,
    "size": 40,
    "threads-quantity": 10,
    "measured-results": [
        1.120804786682129,
        1.1413652896881104,
        1.1548364162445068,
        1.102046251296997,
        1.1069574356079102,
        1.1019973754882812,
        1.1234796047210693,
        1.1075193881988525,
        1.100860357284546,
        1.1005198955535889
    ]
}