{
    "dataset": 3,
    "size": 80,
    "threads-quantity": 25,
    "measured-results": [
        2.211413621902466,
        0.09602141380310059,
        0.0780174732208252,
        0.05591702461242676,
        0.04854726791381836,
        0.04609084129333496,
        0.04400968551635742,
        0.04801034927368164,
        0.04797959327697754,
        0.04299759864807129
    ]
}