{
    "dataset": 5,
    "size": 200,
    "threads-quantity": 1,
    "measured-results": [
        5.558229446411133,
        5.396900177001953,
        5.492008209228516,
        5.412003040313721,
        5.393017530441284,
        5.490007162094116,
        5.42401123046875,
        5.400505304336548,
        5.3844969272613525,
        5.44903302192688
    ]
}