{
    "dataset": 6,
    "size": 300,
    "threads-quantity": 7,
    "measured-results": [
        3.829963207244873,
        2.8360445499420166,
        2.815621852874756,
        2.8473856449127197,
        2.848012924194336,
        2.8512446880340576,
        2.903320550918579,
        2.832482099533081,
        2.8594818115234375,
        2.820108652114868
    ]
}