{
    "dataset": 6,
    "size": 300,
    "threads-quantity": 16,
    "measured-results": [
        3.6362128257751465,
        3.8044731616973877,
        3.6657967567443848,
        3.6232340335845947,
        3.51133131980896,
        3.4928736686706543,
        3.6966943740844727,
        3.5610103607177734,
        3.370009422302246,
        3.51499605178833
    ]
}