{
    "dataset": 7,
    "size": 400,
    "threads-quantity": 4,
    "measured-results": [
        10.751030921936035,
        9.8944673538208,
        9.968628406524658,
        9.9580397605896,
        9.983473062515259,
        9.967602014541626,
        9.965953588485718,
        10.034130096435547,
        9.962033033370972,
        9.984470844268799
    ]
}