{
    "dataset": 2,
    "size": 40,
    "threads-quantity": 4,
    "measured-results": [
        0.7977805137634277,
        0.8012137413024902,
        0.7996084690093994,
        0.7932369709014893,
        0.7931854724884033,
        0.7975895404815674,
        0.8199810981750488,
        0.802147388458252,
        0.794874906539917,
        0.7950420379638672
    ]
}