{
    "dataset": 6,
    "size": 300,
    "threads-quantity": 4,
    "measured-results": [
        4.462603330612183,
        4.393006086349487,
        4.416970491409302,
        4.369038343429565,
        4.445412874221802,
        4.376562595367432,
        4.381556034088135,
        4.391507625579834,
        4.371990919113159,
        4.3930089473724365
    ]
}