{
    "dataset": 3,
    "size": 80,
    "threads-quantity": 1,
    "measured-results": [
        1.024024486541748,
        1.0188329219818115,
        0.9919946193695068,
        0.9900069236755371,
        1.0149948596954346,
        0.99300217628479,
        0.9989991188049316,
        0.9960000514984131,
        0.9950108528137207,
        1.0039913654327393
    ]
}