{
    "dataset": 8,
    "size": 500,
    "threads-quantity": 25,
    "measured-results": [
        10.65252685546875,
        8.148923635482788,
        8.183056592941284,
        8.166012525558472,
        8.181668996810913,
        8.177509069442749,
        8.154912233352661,
        8.170028686523438,
        8.119966268539429,
        8.15867805480957
    ]
}