{
    "dataset": 7,
    "size": 400,
    "threads-quantity": 13,
    "measured-results": [
        6.493894815444946,
        5.140138864517212,
        4.950260162353516,
        4.766083717346191,
        4.810101509094238,
        4.73708701133728,
        4.789306640625,
        4.753266096115112,
        4.701153993606567,
        4.76809549331665
    ]
}