{
    "dataset": 2,
    "size": 40,
    "threads-quantity": 4,
    "measured-results": [
        0.7545969486236572,
        0.011991500854492188,
        0.012997150421142578,
        0.01389169692993164,
        0.014112710952758789,
        0.012997627258300781,
        0.012004613876342773,
        0.012040853500366211,
        0.011959314346313477,
        0.011997222900390625
    ]
}