{
    "dataset": 6,
    "size": 300,
    "threads-quantity": 1,
    "measured-results": [
        16.591469049453735,
        16.787030458450317,
        16.488596200942993,
        16.902026653289795,
        16.49464988708496,
        16.495826959609985,
        16.7240047454834,
        16.695022106170654,
        16.776033639907837,
        16.451024055480957
    ]
}