{
    "dataset": 3,
    "size": 80,
    "threads-quantity": 31,
    "measured-results": [
        2.724790096282959,
        0.10402369499206543,
        0.08801984786987305,
        0.08101820945739746,
        0.07601714134216309,
        0.08001828193664551,
        0.06601452827453613,
        0.06501507759094238,
        0.05817437171936035,
        0.051012516021728516
    ]
}