{
    "dataset": 6,
    "size": 300,
    "threads-quantity": 16,
    "measured-results": [
        2.2830398082733154,
        2.267967939376831,
        2.1850013732910156,
        2.2000041007995605,
        2.1930041313171387,
        2.205425500869751,
        2.2055797576904297,
        2.1794238090515137,
        2.1675851345062256,
        2.1919994354248047
    ]
}