{
    "dataset": 6,
    "size": 300,
    "threads-quantity": 16,
    "measured-results": [
        3.3775837421417236,
        1.9150011539459229,
        1.8424246311187744,
        1.859595537185669,
        1.852367877960205,
        1.8407588005065918,
        1.8719398975372314,
        1.8249526023864746,
        1.8350086212158203,
        1.8730127811431885
    ]
}