{
    "dataset": 8,
    "size": 500,
    "threads-quantity": 22,
    "measured-results": [
        10.349478721618652,
        8.211429834365845,
        8.186574935913086,
        8.235450744628906,
        8.158313512802124,
        8.21235990524292,
        8.157810926437378,
        8.148224353790283,
        8.201044082641602,
        8.173434257507324
    ]
}