{
    "dataset": 4,
    "size": 100,
    "threads-quantity": 19,
    "measured-results": [
        1.785001516342163,
        0.0861043930053711,
        0.08431172370910645,
        0.08100366592407227,
        0.08257675170898438,
        0.08680915832519531,
        0.07961606979370117,
        0.08700680732727051,
        0.07999491691589355,
        0.08201479911804199
    ]
}