{
    "dataset": 1,
    "size": 20,
    "threads-quantity": 31,
    "measured-results": [
        2.5774569511413574,
        0.04500985145568848,
        0.03500843048095703,
        0.03400731086730957,
        0.018004179000854492,
        0.023005247116088867,
        0.01700448989868164,
        0.017003536224365234,
        0.02100396156311035,
        0.008002042770385742
    ]
}