{
    "dataset": 5,
    "size": 200,
    "threads-quantity": 25,
    "measured-results": [
        2.9308435916900635,
        0.5957434177398682,
        0.5904223918914795,
        0.5862860679626465,
        0.591303825378418,
        0.5964126586914062,
        0.5700023174285889,
        0.5670268535614014,
        0.572986364364624,
        0.5555806159973145
    ]
}