{
    "dataset": 3,
    "size": 80,
    "threads-quantity": 13,
    "measured-results": [
        1.329887866973877,
        1.3521976470947266,
        1.3798589706420898,
        1.3379788398742676,
        1.3110365867614746,
        1.3019533157348633,
        1.341996192932129,
        1.2999961376190186,
        1.3220031261444092,
        1.3120059967041016
    ]
}