{
    "dataset": 5,
    "size": 200,
    "threads-quantity": 13,
    "measured-results": [
        0.9404268264770508,
        0.9289939403533936,
        0.8951137065887451,
        0.8955738544464111,
        0.894554615020752,
        0.9001989364624023,
        0.9173903465270996,
        0.9166889190673828,
        0.898078441619873,
        0.8988642692565918
    ]
}