{
    "dataset": 6,
    "size": 300,
    "threads-quantity": 28,
    "measured-results": [
        4.565353870391846,
        1.8477895259857178,
        1.9042246341705322,
        1.8284382820129395,
        1.8364965915679932,
        1.9630546569824219,
        1.9660351276397705,
        1.8535730838775635,
        1.855445146560669,
        1.8310072422027588
    ]
}