{
    "dataset": 3,
    "size": 80,
    "threads-quantity": 10,
    "measured-results": [
        1.130620002746582,
        0.05693769454956055,
        0.05448126792907715,
        0.05398845672607422,
        0.054579973220825195,
        0.053006649017333984,
        0.05500149726867676,
        0.05599069595336914,
        0.05300402641296387,
        0.05399918556213379
    ]
}