{
    "dataset": 8,
    "size": 500,
    "threads-quantity": 31,
    "measured-results": [
        11.70050311088562,
        8.438043355941772,
        8.689589023590088,
        8.605005502700806,
        8.4410560131073,
        8.202446460723877,
        8.126612901687622,
        8.158442497253418,
        8.117624998092651,
        8.195096015930176
    ]
}