{
    "dataset": 2,
    "size": 40,
    "threads-quantity": 7,
    "measured-results": [
        0.947965145111084,
        0.9900898933410645,
        0.9405276775360107,
        0.9313821792602539,
        0.9232313632965088,
        0.917931079864502,
        0.9310693740844727,
        0.9540901184082031,
        0.9212360382080078,
        0.9304509162902832
    ]
}