{
    "dataset": 2,
    "size": 40,
    "threads-quantity": 1,
    "measured-results": [
        0.7265720367431641,
        0.040997982025146484,
        0.04100298881530762,
        0.04226040840148926,
        0.03973960876464844,
        0.040866851806640625,
        0.04013872146606445,
        0.04100847244262695,
        0.03998994827270508,
        0.04135847091674805
    ]
}