{
    "dataset": 8,
    "size": 500,
    "threads-quantity": 28,
    "measured-results": [
        11.091079711914062,
        8.186532497406006,
        8.195987701416016,
        8.214280128479004,
        8.140789031982422,
        8.149328231811523,
        8.182142496109009,
        8.253643035888672,
        8.164015769958496,
        8.163441896438599
    ]
}