{
    "dataset": 5,
    "size": 200,
    "threads-quantity": 16,
    "measured-results": [
        1.9720032215118408,
        0.6010158061981201,
        0.6190001964569092,
        0.6160037517547607,
        0.614992618560791,
        0.614048957824707,
        0.57969069480896,
        0.5812692642211914,
        0.5825817584991455,
        0.5770115852355957
    ]
}