{
    "dataset": 6,
    "size": 300,
    "threads-quantity": 7,
    "measured-results": [
        3.7230935096740723,
        3.641022205352783,
        3.5984883308410645,
        3.650001287460327,
        3.6524298191070557,
        3.6020095348358154,
        3.6439974308013916,
        3.619006872177124,
        3.652604103088379,
        3.6354169845581055
    ]
}