{
    "dataset": 8,
    "size": 500,
    "threads-quantity": 10,
    "measured-results": [
        12.081225872039795,
        12.225849628448486,
        12.523900508880615,
        11.94710898399353,
        12.226432800292969,
        11.991605520248413,
        12.02302598953247,
        12.133010149002075,
        11.996023416519165,
        11.597102165222168
    ]
}