{
    "dataset": 2,
    "size": 40,
    "threads-quantity": 25,
    "measured-results": [
        2.13334321975708,
        0.030006885528564453,
        0.021004676818847656,
        0.018004894256591797,
        0.018003463745117188,
        0.022005319595336914,
        0.019003868103027344,
        0.021004915237426758,
        0.02300548553466797,
        0.018004179000854492
    ]
}