{
    "dataset": 4,
    "size": 100,
    "threads-quantity": 28,
    "measured-results": [
        2.5223963260650635,
        0.18906426429748535,
        0.1380479335784912,
        0.08891510963439941,
        0.08102107048034668,
        0.08301877975463867,
        0.08195734024047852,
        0.0789952278137207,
        0.08599972724914551,
        0.08601951599121094
    ]
}