{
    "dataset": 7,
    "size": 400,
    "threads-quantity": 16,
    "measured-results": [
        6.3269007205963135,
        6.184013605117798,
        5.947136640548706,
        5.865868091583252,
        5.955447673797607,
        6.105994939804077,
        5.9015867710113525,
        5.897258281707764,
        6.014765977859497,
        5.857438802719116
    ]
}