{
    "dataset": 4,
    "size": 100,
    "threads-quantity": 16,
    "measured-results": [
        1.5153753757476807,
        0.08701300621032715,
        0.08501338958740234,
        0.08698749542236328,
        0.08701801300048828,
        0.0869755744934082,
        0.08501935005187988,
        0.08601951599121094,
        0.08737754821777344,
        0.08658075332641602
    ]
}