{
    "dataset": 7,
    "size": 400,
    "threads-quantity": 13,
    "measured-results": [
        5.414834022521973,
        5.387591123580933,
        5.245948791503906,
        5.253645896911621,
        5.191844463348389,
        5.2578675746917725,
        5.252238988876343,
        5.247961521148682,
        5.231961727142334,
        5.247009992599487
    ]
}