{
    "dataset": 3,
    "size": 80,
    "threads-quantity": 4,
    "measured-results": [
        0.8418171405792236,
        0.08416962623596191,
        0.08600234985351562,
        0.08725666999816895,
        0.08874154090881348,
        0.08585429191589355,
        0.0861818790435791,
        0.0849616527557373,
        0.08900308609008789,
        0.08300471305847168
    ]
}