{
    "dataset": 5,
    "size": 200,
    "threads-quantity": 10,
    "measured-results": [
        1.0116045475006104,
        0.9631268978118896,
        0.9579839706420898,
        0.9751098155975342,
        0.9827370643615723,
        0.9825849533081055,
        0.966416597366333,
        0.9680233001708984,
        0.9622061252593994,
        0.9713585376739502
    ]
}