{
    "dataset": 4,
    "size": 100,
    "threads-quantity": 7,
    "measured-results": [
        1.0210323333740234,
        0.12073302268981934,
        0.12131452560424805,
        0.11890602111816406,
        0.12200403213500977,
        0.12441658973693848,
        0.1165771484375,
        0.11800885200500488,
        0.11199760437011719,
        0.11700296401977539
    ]
}