{
    "dataset": 1,
    "size": 20,
    "threads-quantity": 28,
    "measured-results": [
        2.269773244857788,
        0.04501032829284668,
        0.026005268096923828,
        0.016004562377929688,
        0.014002799987792969,
        0.008002281188964844,
        0.012002229690551758,
        0.015003442764282227,
        0.014003276824951172,
        0.0070018768310546875
    ]
}