{
    "dataset": 4,
    "size": 100,
    "threads-quantity": 13,
    "measured-results": [
        1.4948508739471436,
        1.4976980686187744,
        1.456087350845337,
        1.424654483795166,
        1.4138028621673584,
        1.3988723754882812,
        1.3781723976135254,
        1.3909378051757812,
        1.3640642166137695,
        1.3560006618499756
    ]
}