{
    "dataset": 4,
    "size": 100,
    "threads-quantity": 13,
    "measured-results": [
        0.35803771018981934,
        0.3492121696472168,
        0.35278749465942383,
        0.3515446186065674,
        0.3540000915527344,
        0.3540077209472656,
        0.3472287654876709,
        0.3626842498779297,
        0.3684678077697754,
        0.35361480712890625
    ]
}