{
    "dataset": 3,
    "size": 80,
    "threads-quantity": 4,
    "measured-results": [
        0.2495870590209961,
        0.28041887283325195,
        0.2575948238372803,
        0.25251078605651855,
        0.25446486473083496,
        0.2504312992095947,
        0.2475719451904297,
        0.24344086647033691,
        0.24397730827331543,
        0.24699902534484863
    ]
}