{
    "dataset": 5,
    "size": 200,
    "threads-quantity": 16,
    "measured-results": [
        0.9384803771972656,
        0.9096837043762207,
        0.920391321182251,
        0.9421265125274658,
        0.9361746311187744,
        0.9086780548095703,
        0.9156105518341064,
        0.9354193210601807,
        0.9155933856964111,
        0.9439282417297363
    ]
}