{
    "dataset": 4,
    "size": 100,
    "threads-quantity": 4,
    "measured-results": [
        0.9448790550231934,
        0.17012357711791992,
        0.17600250244140625,
        0.17023229598999023,
        0.17922043800354004,
        0.17655301094055176,
        0.16899347305297852,
        0.16992926597595215,
        0.17150068283081055,
        0.16757845878601074
    ]
}