{
    "dataset": 5,
    "size": 200,
    "threads-quantity": 7,
    "measured-results": [
        1.7984278202056885,
        0.9089014530181885,
        0.9249036312103271,
        0.916269063949585,
        0.8932743072509766,
        0.9146695137023926,
        0.8939993381500244,
        0.9029994010925293,
        0.9170036315917969,
        0.8879961967468262
    ]
}