{
    "dataset": 3,
    "size": 80,
    "threads-quantity": 10,
    "measured-results": [
        1.1970570087432861,
        1.1888742446899414,
        1.1501705646514893,
        1.13800048828125,
        1.1712496280670166,
        1.1337482929229736,
        1.135913610458374,
        1.1429195404052734,
        1.1600077152252197,
        1.1661057472229004
    ]
}