{
    "dataset": 1,
    "size": 20,
    "threads-quantity": 1,
    "measured-results": [
        0.16303658485412598,
        0.14983177185058594,
        0.1415565013885498,
        0.1432933807373047,
        0.1435871124267578,
        0.14150738716125488,
        0.14349889755249023,
        0.14423465728759766,
        0.13976049423217773,
        0.1394200325012207
    ]
}