{
    "dataset": 3,
    "size": 80,
    "threads-quantity": 19,
    "measured-results": [
        1.7234351634979248,
        0.06701517105102539,
        0.04712700843811035,
        0.045011043548583984,
        0.045862674713134766,
        0.04508328437805176,
        0.04401135444641113,
        0.04588437080383301,
        0.04550957679748535,
        0.044011592864990234
    ]
}