{
    "dataset": 5,
    "size": 200,
    "threads-quantity": 4,
    "measured-results": [
        1.5118417739868164,
        1.4412007331848145,
        1.4610857963562012,
        1.474435806274414,
        1.4934518337249756,
        1.4559836387634277,
        1.4781849384307861,
        1.489863395690918,
        1.4504103660583496,
        1.4570567607879639
    ]
}