{
    "dataset": 2,
    "size": 40,
    "threads-quantity": 16,
    "measured-results": [
        0.3136131763458252,
        0.33053112030029297,
        0.3344607353210449,
        0.31113243103027344,
        0.3102734088897705,
        0.330700159072876,
        0.307692289352417,
        0.30924129486083984,
        0.31507086753845215,
        0.3180711269378662
    ]
}