{
    "dataset": 1,
    "size": 20,
    "threads-quantity": 16,
    "measured-results": [
        1.4173219203948975,
        0.00400090217590332,
        0.004000425338745117,
        0.004001617431640625,
        0.004571199417114258,
        0.004993915557861328,
        0.005508899688720703,
        0.004000663757324219,
        0.004000663757324219,
        0.004000663757324219
    ]
}