{
    "dataset": 1,
    "size": 20,
    "threads-quantity": 1,
    "measured-results": [
        0.7599930763244629,
        0.0059909820556640625,
        0.0070040225982666016,
        0.006001472473144531,
        0.00600123405456543,
        0.006001472473144531,
        0.006002902984619141,
        0.00599980354309082,
        0.005994081497192383,
        0.007001638412475586
    ]
}