{
    "dataset": 8,
    "size": 500,
    "threads-quantity": 13,
    "measured-results": [
        10.577011108398438,
        9.174046039581299,
        9.200735092163086,
        9.19233751296997,
        9.201029539108276,
        9.182454586029053,
        9.19461727142334,
        9.185527801513672,
        9.191155195236206,
        9.193114995956421
    ]
}