{
    "dataset": 1,
    "size": 20,
    "threads-quantity": 10,
    "measured-results": [
        1.1132988929748535,
        1.1147055625915527,
        1.0749385356903076,
        1.0738725662231445,
        1.1028594970703125,
        1.0660181045532227,
        1.0770471096038818,
        1.1293816566467285,
        1.1007909774780273,
        1.1269810199737549
    ]
}