{
    "dataset": 8,
    "size": 500,
    "threads-quantity": 16,
    "measured-results": [
        10.4084312915802,
        10.051079273223877,
        10.155482053756714,
        10.077970027923584,
        10.70011854171753,
        10.211068391799927,
        10.024967670440674,
        9.962048768997192,
        10.38286805152893,
        10.331667423248291
    ]
}