{
    "dataset": 6,
    "size": 300,
    "threads-quantity": 13,
    "measured-results": [
        3.4114792346954346,
        3.2831289768218994,
        3.305891513824463,
        3.273103952407837,
        3.299478054046631,
        3.282430410385132,
        3.2565948963165283,
        3.2984094619750977,
        3.2815847396850586,
        3.2624258995056152
    ]
}