{
    "dataset": 2,
    "size": 40,
    "threads-quantity": 13,
    "measured-results": [
        1.238039493560791,
        0.009002685546875,
        0.010001420974731445,
        0.009002685546875,
        0.008002042770385742,
        0.00900125503540039,
        0.009002685546875,
        0.008002042770385742,
        0.00937032699584961,
        0.008511066436767578
    ]
}