{
    "dataset": 1,
    "size": 20,
    "threads-quantity": 25,
    "measured-results": [
        2.029311418533325,
        0.02200484275817871,
        0.03300762176513672,
        0.007002353668212891,
        0.008001089096069336,
        0.009002208709716797,
        0.008001565933227539,
        0.006104707717895508,
        0.005898714065551758,
        0.008002996444702148
    ]
}