{
    "dataset": 8,
    "size": 500,
    "threads-quantity": 19,
    "measured-results": [
        10.085455417633057,
        8.230032920837402,
        8.209083557128906,
        8.198858261108398,
        8.196172952651978,
        8.271607398986816,
        8.560017108917236,
        8.334030389785767,
        8.195345640182495,
        8.398719310760498
    ]
}