{
    "dataset": 3,
    "size": 80,
    "threads-quantity": 7,
    "measured-results": [
        0.24901056289672852,
        0.2580101490020752,
        0.25398731231689453,
        0.2574043273925781,
        0.2661757469177246,
        0.25792908668518066,
        0.2557554244995117,
        0.2603731155395508,
        0.25949692726135254,
        0.2551577091217041
    ]
}