{
    "dataset": 1,
    "size": 20,
    "threads-quantity": 4,
    "measured-results": [
        0.8590335845947266,
        0.0030007362365722656,
        0.0030107498168945312,
        0.0029909610748291016,
        0.003001689910888672,
        0.0019996166229248047,
        0.0030007362365722656,
        0.0030014514923095703,
        0.004000425338745117,
        0.0030014514923095703
    ]
}