{
    "dataset": 3,
    "size": 80,
    "threads-quantity": 13,
    "measured-results": [
        1.291672945022583,
        0.049005746841430664,
        0.04900765419006348,
        0.04799246788024902,
        0.05001068115234375,
        0.04998946189880371,
        0.04900717735290527,
        0.049994468688964844,
        0.046515464782714844,
        0.048633575439453125
    ]
}