{
    "dataset": 7,
    "size": 400,
    "threads-quantity": 7,
    "measured-results": [
        7.563506364822388,
        6.576144456863403,
        6.6209189891815186,
        6.792022705078125,
        7.068021774291992,
        6.6410369873046875,
        6.629603385925293,
        6.614518880844116,
        6.585547685623169,
        6.608356237411499
    ]
}