{
    "dataset": 7,
    "size": 400,
    "threads-quantity": 31,
    "measured-results": [
        7.121124505996704,
        4.150943040847778,
        4.120937824249268,
        4.208957195281982,
        4.137939929962158,
        4.152945518493652,
        4.144942045211792,
        4.208956480026245,
        4.15795111656189,
        4.1689488887786865
    ]
}