{
    "dataset": 6,
    "size": 300,
    "threads-quantity": 13,
    "measured-results": [
        2.430023670196533,
        2.3189857006073,
        2.294992685317993,
        2.2914321422576904,
        2.31258225440979,
        2.289008140563965,
        2.321002960205078,
        2.292466640472412,
        2.3275415897369385,
        2.290997266769409
    ]
}