{
    "dataset": 5,
    "size": 200,
    "threads-quantity": 13,
    "measured-results": [
        2.0325894355773926,
        1.8960046768188477,
        1.905412197113037,
        1.884587049484253,
        1.9090003967285156,
        1.8810076713562012,
        1.8609988689422607,
        1.886995553970337,
        1.8640162944793701,
        1.885127067565918
    ]
}