{
    "dataset": 4,
    "size": 100,
    "threads-quantity": 7,
    "measured-results": [
        1.048048973083496,
        1.07000732421875,
        1.0564112663269043,
        1.018594741821289,
        1.0216801166534424,
        1.0203857421875,
        1.0229246616363525,
        1.055004358291626,
        1.028001308441162,
        1.0407705307006836
    ]
}