{
    "dataset": 2,
    "size": 40,
    "threads-quantity": 13,
    "measured-results": [
        0.281203031539917,
        0.2709932327270508,
        0.2689399719238281,
        0.2599813938140869,
        0.2719573974609375,
        0.2845444679260254,
        0.29709315299987793,
        0.2874021530151367,
        0.27997851371765137,
        0.2826259136199951
    ]
}