{
    "dataset": 7,
    "size": 400,
    "threads-quantity": 7,
    "measured-results": [
        7.265948534011841,
        7.26200532913208,
        7.3528571128845215,
        7.232834577560425,
        7.2002339363098145,
        7.129966735839844,
        7.202735900878906,
        7.264185428619385,
        7.096134424209595,
        7.191096305847168
    ]
}