{
    "dataset": 7,
    "size": 400,
    "threads-quantity": 16,
    "measured-results": [
        5.008006572723389,
        4.935744524002075,
        4.924262762069702,
        4.920749664306641,
        4.929327964782715,
        4.9521214962005615,
        4.932842969894409,
        4.966444730758667,
        5.004563808441162,
        4.938213586807251
    ]
}