{
    "dataset": 1,
    "size": 20,
    "threads-quantity": 13,
    "measured-results": [
        1.3143372535705566,
        1.423457384109497,
        1.2994132041931152,
        1.251962423324585,
        1.2423021793365479,
        1.2351875305175781,
        1.2366032600402832,
        1.310150146484375,
        1.2446277141571045,
        1.2542688846588135
    ]
}