{
    "dataset": 1,
    "size": 20,
    "threads-quantity": 7,
    "measured-results": [
        1.009610891342163,
        0.00400090217590332,
        0.004001617431640625,
        0.003977775573730469,
        0.0029985904693603516,
        0.0030007362365722656,
        0.0020008087158203125,
        0.0030012130737304688,
        0.0020003318786621094,
        0.0040013790130615234
    ]
}