{
    "dataset": 5,
    "size": 200,
    "threads-quantity": 28,
    "measured-results": [
        3.205418586730957,
        0.6079752445220947,
        0.5980243682861328,
        0.593996524810791,
        0.5645849704742432,
        0.5574188232421875,
        0.5640051364898682,
        0.5745790004730225,
        0.5522875785827637,
        0.5498948097229004
    ]
}