{
    "dataset": 1,
    "size": 20,
    "threads-quantity": 13,
    "measured-results": [
        1.238241195678711,
        0.004990100860595703,
        0.004009246826171875,
        0.0029935836791992188,
        0.0030002593994140625,
        0.0020008087158203125,
        0.002001047134399414,
        0.002771139144897461,
        0.001993894577026367,
        0.0020003318786621094
    ]
}