{
    "dataset": 4,
    "size": 100,
    "threads-quantity": 13,
    "measured-results": [
        1.3487846851348877,
        0.0870201587677002,
        0.08719182014465332,
        0.08600282669067383,
        0.08572816848754883,
        0.08626580238342285,
        0.0851292610168457,
        0.08561396598815918,
        0.08501958847045898,
        0.08802413940429688
    ]
}