{
    "dataset": 6,
    "size": 300,
    "threads-quantity": 7,
    "measured-results": [
        3.1180102825164795,
        2.9530014991760254,
        2.979016065597534,
        2.9997665882110596,
        3.060227155685425,
        3.0520102977752686,
        2.9489986896514893,
        3.047429323196411,
        3.051978588104248,
        3.0886034965515137
    ]
}