{
    "dataset": 8,
    "size": 500,
    "threads-quantity": 7,
    "measured-results": [
        14.108892440795898,
        13.605016469955444,
        13.813051223754883,
        13.50902247428894,
        13.351563215255737,
        13.344454765319824,
        14.096022367477417,
        13.998014211654663,
        13.982033729553223,
        13.349596977233887
    ]
}