{
    "dataset": 6,
    "size": 300,
    "threads-quantity": 4,
    "measured-results": [
        5.107449531555176,
        4.237012147903442,
        4.249016523361206,
        4.261125326156616,
        4.299907445907593,
        4.2810304164886475,
        4.295593500137329,
        4.233428001403809,
        4.258027791976929,
        4.322007656097412
    ]
}