{
    "dataset": 1,
    "size": 20,
    "threads-quantity": 4,
    "measured-results": [
        0.1670970916748047,
        0.17404961585998535,
        0.1588597297668457,
        0.1579906940460205,
        0.15717434883117676,
        0.155930757522583,
        0.1582639217376709,
        0.15721774101257324,
        0.1625683307647705,
        0.1634366512298584
    ]
}