{
    "dataset": 1,
    "size": 20,
    "threads-quantity": 10,
    "measured-results": [
        1.1690607070922852,
        0.0040013790130615234,
        0.0019996166229248047,
        0.003004312515258789,
        0.0039975643157958984,
        0.002001047134399414,
        0.003000497817993164,
        0.0020003318786621094,
        0.002000570297241211,
        0.0030002593994140625
    ]
}