{
    "dataset": 5,
    "size": 200,
    "threads-quantity": 13,
    "measured-results": [
        1.8351914882659912,
        0.6403181552886963,
        0.6400027275085449,
        0.6289961338043213,
        0.6300022602081299,
        0.6323516368865967,
        0.6286559104919434,
        0.624993085861206,
        0.6310102939605713,
        0.6320078372955322
    ]
}