{
    "dataset": 6,
    "size": 300,
    "threads-quantity": 31,
    "measured-results": [
        4.871307134628296,
        1.8390483856201172,
        1.8699731826782227,
        1.8175857067108154,
        1.8460111618041992,
        1.8160040378570557,
        1.8394246101379395,
        1.8195908069610596,
        1.8122344017028809,
        1.8243169784545898
    ]
}