{
    "dataset": 7,
    "size": 400,
    "threads-quantity": 13,
    "measured-results": [
        6.19745397567749,
        6.101561069488525,
        6.033009767532349,
        5.987007141113281,
        6.079018831253052,
        6.391010999679565,
        6.283005237579346,
        6.001000642776489,
        6.171017169952393,
        6.207122802734375
    ]
}