{
    "dataset": 8,
    "size": 500,
    "threads-quantity": 13,
    "measured-results": [
        10.31401252746582,
        10.220010042190552,
        10.218024253845215,
        10.148014307022095,
        10.179025888442993,
        10.2410249710083,
        10.164037227630615,
        10.147969245910645,
        10.166019916534424,
        10.141015529632568
    ]
}