{
    "dataset": 2,
    "size": 40,
    "threads-quantity": 7,
    "measured-results": [
        0.1980605125427246,
        0.19582152366638184,
        0.21432137489318848,
        0.21548724174499512,
        0.19818401336669922,
        0.20259714126586914,
        0.21867752075195312,
        0.20189762115478516,
        0.19543814659118652,
        0.19662022590637207
    ]
}