{
    "dataset": 8,
    "size": 500,
    "threads-quantity": 13,
    "measured-results": [
        10.738927125930786,
        10.76606559753418,
        10.977161645889282,
        11.072831869125366,
        10.767007827758789,
        10.774052619934082,
        10.884987115859985,
        10.688010454177856,
        10.852530241012573,
        10.983503818511963
    ]
}