{
    "dataset": 6,
    "size": 300,
    "threads-quantity": 22,
    "measured-results": [
        3.9923040866851807,
        1.898008108139038,
        1.8520212173461914,
        1.8219971656799316,
        1.895000696182251,
        1.9460384845733643,
        1.8879883289337158,
        1.8720014095306396,
        1.9580061435699463,
        1.8450043201446533
    ]
}