{
    "dataset": 8,
    "size": 500,
    "threads-quantity": 7,
    "measured-results": [
        15.209020853042603,
        15.236203908920288,
        15.53452730178833,
        15.126382827758789,
        15.132019281387329,
        15.221801280975342,
        14.179661273956299,
        14.335198163986206,
        14.738396883010864,
        14.205838918685913
    ]
}