{
    "dataset": 6,
    "size": 300,
    "threads-quantity": 10,
    "measured-results": [
        3.5220062732696533,
        3.410003662109375,
        3.449002504348755,
        3.396008253097534,
        3.4119997024536133,
        3.4465932846069336,
        3.4274306297302246,
        3.396120548248291,
        3.448880910873413,
        3.410104274749756
    ]
}