{
    "dataset": 5,
    "size": 200,
    "threads-quantity": 10,
    "measured-results": [
        1.8029019832611084,
        0.7470376491546631,
        0.7447240352630615,
        0.7332158088684082,
        0.7460381984710693,
        0.7515807151794434,
        0.7384932041168213,
        0.7389461994171143,
        0.7400152683258057,
        0.7459752559661865
    ]
}