{
    "dataset": 5,
    "size": 200,
    "threads-quantity": 16,
    "measured-results": [
        2.1297574043273926,
        2.0555214881896973,
        2.028427839279175,
        2.0229010581970215,
        2.018693685531616,
        2.0710062980651855,
        2.018986225128174,
        2.0420103073120117,
        2.0269949436187744,
        2.040975570678711
    ]
}