{
    "dataset": 3,
    "size": 80,
    "threads-quantity": 10,
    "measured-results": [
        0.29031920433044434,
        0.30077624320983887,
        0.2790389060974121,
        0.2896289825439453,
        0.2895774841308594,
        0.2918362617492676,
        0.322983980178833,
        0.2989654541015625,
        0.28212594985961914,
        0.29010915756225586
    ]
}