{
    "dataset": 2,
    "size": 40,
    "threads-quantity": 16,
    "measured-results": [
        1.41581392288208,
        0.015323400497436523,
        0.0110015869140625,
        0.008832216262817383,
        0.008994340896606445,
        0.009542703628540039,
        0.009001970291137695,
        0.008002042770385742,
        0.009001731872558594,
        0.010003089904785156
    ]
}