{
    "dataset": 4,
    "size": 100,
    "threads-quantity": 1,
    "measured-results": [
        0.7720959186553955,
        0.7493112087249756,
        0.7400128841400146,
        0.7399954795837402,
        0.7388556003570557,
        0.7314603328704834,
        0.7638113498687744,
        0.731870174407959,
        0.735011100769043,
        0.7395823001861572
    ]
}