{
    "dataset": 4,
    "size": 100,
    "threads-quantity": 10,
    "measured-results": [
        0.3524143695831299,
        0.32221388816833496,
        0.3269824981689453,
        0.348799467086792,
        0.32914161682128906,
        0.3224482536315918,
        0.3326406478881836,
        0.3453640937805176,
        0.3228487968444824,
        0.32857251167297363
    ]
}