{
    "dataset": 1,
    "size": 20,
    "threads-quantity": 22,
    "measured-results": [
        1.8838014602661133,
        0.011002063751220703,
        0.00800180435180664,
        0.0070018768310546875,
        0.00600123405456543,
        0.006001949310302734,
        0.008002519607543945,
        0.006999969482421875,
        0.004001140594482422,
        0.00500178337097168
    ]
}