{
    "dataset": 5,
    "size": 200,
    "threads-quantity": 10,
    "measured-results": [
        1.8709847927093506,
        1.8244013786315918,
        1.8115975856781006,
        1.8058099746704102,
        1.8851850032806396,
        1.9369966983795166,
        1.8695437908172607,
        1.8979849815368652,
        1.8754737377166748,
        1.8764355182647705
    ]
}