{
    "dataset": 4,
    "size": 100,
    "threads-quantity": 1,
    "measured-results": [
        1.342947006225586,
        1.2860126495361328,
        1.2789976596832275,
        1.2680065631866455,
        1.2830300331115723,
        1.2689762115478516,
        1.2629928588867188,
        1.2700080871582031,
        1.296999216079712,
        1.2710025310516357
    ]
}