{
    "dataset": 2,
    "size": 40,
    "threads-quantity": 10,
    "measured-results": [
        1.0654752254486084,
        0.008811235427856445,
        0.008002042770385742,
        0.009001493453979492,
        0.0087127685546875,
        0.008994102478027344,
        0.008002758026123047,
        0.009000778198242188,
        0.009002685546875,
        0.009003162384033203
    ]
}