{
    "dataset": 8,
    "size": 500,
    "threads-quantity": 16,
    "measured-results": [
        9.66642713546753,
        9.744594097137451,
        9.783006429672241,
        9.696022510528564,
        9.697452783584595,
        9.552583456039429,
        9.579612016677856,
        9.632832765579224,
        9.592596292495728,
        9.51700210571289
    ]
}