{
    "dataset": 7,
    "size": 400,
    "threads-quantity": 22,
    "measured-results": [
        6.505480527877808,
        4.3479883670806885,
        4.490021228790283,
        4.379995584487915,
        4.455013275146484,
        4.344987630844116,
        4.477017879486084,
        4.275973081588745,
        4.30197811126709,
        4.270970821380615
    ]
}