{
    "dataset": 2,
    "size": 40,
    "threads-quantity": 22,
    "measured-results": [
        1.9084510803222656,
        0.04201006889343262,
        0.0200045108795166,
        0.016004562377929688,
        0.015002727508544922,
        0.014002799987792969,
        0.014003515243530273,
        0.012002706527709961,
        0.011001825332641602,
        0.01000213623046875
    ]
}