{
    "dataset": 5,
    "size": 200,
    "threads-quantity": 7,
    "measured-results": [
        1.1079368591308594,
        1.105024814605713,
        1.0935695171356201,
        1.0892932415008545,
        1.0771470069885254,
        1.074491262435913,
        1.1194918155670166,
        1.076584815979004,
        1.0753495693206787,
        1.0884764194488525
    ]
}