{
    "dataset": 7,
    "size": 400,
    "threads-quantity": 1,
    "measured-results": [
        37.989943981170654,
        37.36046528816223,
        37.256672382354736,
        37.55605125427246,
        37.47244191169739,
        37.513060331344604,
        38.308058977127075,
        37.63804221153259,
        37.71106004714966,
        38.23606562614441
    ]
}