{
    "dataset": 7,
    "size": 400,
    "threads-quantity": 28,
    "measured-results": [
        6.803547143936157,
        4.170948028564453,
        4.1619462966918945,
        4.197954893112183,
        4.137941122055054,
        4.150943994522095,
        4.159945964813232,
        4.1639463901519775,
        4.176949739456177,
        4.148944139480591
    ]
}