{
    "dataset": 2,
    "size": 40,
    "threads-quantity": 10,
    "measured-results": [
        0.22837066650390625,
        0.22649621963500977,
        0.23316311836242676,
        0.2323307991027832,
        0.2283308506011963,
        0.22921538352966309,
        0.2319021224975586,
        0.2289743423461914,
        0.2263791561126709,
        0.22990965843200684
    ]
}