{
    "dataset": 8,
    "size": 500,
    "threads-quantity": 1,
    "measured-results": [
        73.8779067993164,
        73.55309844017029,
        72.87248635292053,
        72.53609156608582,
        72.49113845825195,
        72.88207840919495,
        73.1442859172821,
        73.01793909072876,
        72.87471580505371,
        73.39811968803406
    ]
}