{
    "dataset": 2,
    "size": 40,
    "threads-quantity": 28,
    "measured-results": [
        2.1998214721679688,
        0.06601524353027344,
        0.04501008987426758,
        0.05001187324523926,
        0.024005651473999023,
        0.022004127502441406,
        0.022005081176757812,
        0.023005247116088867,
        0.01800394058227539,
        0.0200045108795166
    ]
}