{
    "dataset": 5,
    "size": 200,
    "threads-quantity": 1,
    "measured-results": [
        5.010135173797607,
        4.867224931716919,
        4.846808671951294,
        4.875334739685059,
        4.9366583824157715,
        4.857080459594727,
        4.970994472503662,
        4.8700597286224365,
        4.8919997215271,
        4.863912105560303
    ]
}