{
    "dataset": 6,
    "size": 300,
    "threads-quantity": 19,
    "measured-results": [
        3.6260054111480713,
        1.8404200077056885,
        1.8466238975524902,
        1.8689773082733154,
        1.8920087814331055,
        1.907045602798462,
        1.855973720550537,
        1.8351976871490479,
        1.847813367843628,
        1.9386281967163086
    ]
}