{
    "dataset": 4,
    "size": 100,
    "threads-quantity": 16,
    "measured-results": [
        0.4068899154663086,
        0.39410853385925293,
        0.3978123664855957,
        0.42081165313720703,
        0.4037916660308838,
        0.39711809158325195,
        0.4099857807159424,
        0.4117732048034668,
        0.3991265296936035,
        0.3988759517669678
    ]
}