{
    "dataset": 8,
    "size": 500,
    "threads-quantity": 10,
    "measured-results": [
        12.288819313049316,
        11.931969404220581,
        11.783215761184692,
        11.826820850372314,
        11.932618141174316,
        11.649087190628052,
        11.607797622680664,
        11.731574296951294,
        12.57501745223999,
        11.751018524169922
    ]
}