{
    "dataset": 6,
    "size": 300,
    "threads-quantity": 4,
    "measured-results": [
        5.004006385803223,
        4.928011178970337,
        4.998004913330078,
        4.95500373840332,
        4.95001482963562,
        4.950005054473877,
        4.993006467819214,
        4.985017776489258,
        4.9859960079193115,
        4.973007678985596
    ]
}