{
    "dataset": 8,
    "size": 500,
    "threads-quantity": 16,
    "measured-results": [
        9.781759023666382,
        8.277053594589233,
        8.195005893707275,
        8.210109233856201,
        8.190542221069336,
        8.165450811386108,
        8.197144985198975,
        8.205504894256592,
        8.165334224700928,
        8.214758157730103
    ]
}