{
    "dataset": 4,
    "size": 100,
    "threads-quantity": 25,
    "measured-results": [
        2.4555368423461914,
        0.09902238845825195,
        0.08490228652954102,
        0.08102178573608398,
        0.08098244667053223,
        0.08099770545959473,
        0.08299803733825684,
        0.08000445365905762,
        0.08299779891967773,
        0.08099818229675293
    ]
}