{
    "dataset": 5,
    "size": 200,
    "threads-quantity": 19,
    "measured-results": [
        2.3082046508789062,
        0.5817821025848389,
        0.5884213447570801,
        0.5860815048217773,
        0.5649278163909912,
        0.5790205001831055,
        0.5645551681518555,
        0.5654242038726807,
        0.5620102882385254,
        0.5665791034698486
    ]
}