{
    "dataset": 5,
    "size": 200,
    "threads-quantity": 7,
    "measured-results": [
        1.8441925048828125,
        1.729383945465088,
        1.7355234622955322,
        1.7404823303222656,
        1.7320046424865723,
        1.7196838855743408,
        1.73525071144104,
        1.724015712738037,
        1.739051342010498,
        1.7570438385009766
    ]
}