{
    "dataset": 4,
    "size": 100,
    "threads-quantity": 31,
    "measured-results": [
        2.80879282951355,
        0.15703630447387695,
        0.1400313377380371,
        0.11645126342773438,
        0.10069704055786133,
        0.08800363540649414,
        0.08457732200622559,
        0.08500146865844727,
        0.0870051383972168,
        0.08802008628845215
    ]
}