{
    "dataset": 1,
    "size": 20,
    "threads-quantity": 16,
    "measured-results": [
        0.29437923431396484,
        0.28469204902648926,
        0.2916860580444336,
        0.2704946994781494,
        0.2805018424987793,
        0.28806567192077637,
        0.29350972175598145,
        0.3052515983581543,
        0.2819521427154541,
        0.2981741428375244
    ]
}