{
    "dataset": 6,
    "size": 300,
    "threads-quantity": 10,
    "measured-results": [
        2.748209238052368,
        2.6614623069763184,
        2.7155513763427734,
        2.5660014152526855,
        2.6050002574920654,
        2.5960099697113037,
        2.596998929977417,
        2.586000680923462,
        2.5970194339752197,
        2.579988956451416
    ]
}