{
    "dataset": 4,
    "size": 100,
    "threads-quantity": 10,
    "measured-results": [
        1.1724514961242676,
        0.09899210929870605,
        0.10458779335021973,
        0.10300397872924805,
        0.1014101505279541,
        0.09836816787719727,
        0.10222125053405762,
        0.10241556167602539,
        0.10158586502075195,
        0.10397195816040039
    ]
}