{
    "dataset": 3,
    "size": 80,
    "threads-quantity": 13,
    "measured-results": [
        0.3363969326019287,
        0.3155827522277832,
        0.31527090072631836,
        0.35989952087402344,
        0.35947465896606445,
        0.34711623191833496,
        0.38599109649658203,
        0.33490586280822754,
        0.33811163902282715,
        0.3338756561279297
    ]
}