{
    "dataset": 1,
    "size": 20,
    "threads-quantity": 7,
    "measured-results": [
        0.9063057899475098,
        0.944798469543457,
        0.920579195022583,
        0.9142005443572998,
        0.9347996711730957,
        0.893622875213623,
        0.9077968597412109,
        0.9068584442138672,
        0.9249916076660156,
        0.920076847076416
    ]
}