{
    "dataset": 3,
    "size": 80,
    "threads-quantity": 1,
    "measured-results": [
        0.4963068962097168,
        0.46640944480895996,
        0.4500706195831299,
        0.4519960880279541,
        0.4484732151031494,
        0.45218849182128906,
        0.4573667049407959,
        0.4534428119659424,
        0.766521692276001,
        0.4564249515533447
    ]
}