{
    "dataset": 4,
    "size": 100,
    "threads-quantity": 4,
    "measured-results": [
        0.3254728317260742,
        0.3265078067779541,
        0.33049964904785156,
        0.33042216300964355,
        0.341001033782959,
        0.34200024604797363,
        0.3275787830352783,
        0.33900022506713867,
        0.3414132595062256,
        0.33308935165405273
    ]
}