{
    "dataset": 7,
    "size": 400,
    "threads-quantity": 10,
    "measured-results": [
        6.729023456573486,
        5.5210182666778564,
        5.550032377243042,
        5.542804479598999,
        5.547230958938599,
        5.5120275020599365,
        5.520016431808472,
        5.508772373199463,
        5.703368902206421,
        5.820549488067627
    ]
}