{
    "dataset": 2,
    "size": 40,
    "threads-quantity": 7,
    "measured-results": [
        0.9319765567779541,
        0.009035825729370117,
        0.0099945068359375,
        0.01000213623046875,
        0.009002923965454102,
        0.010987520217895508,
        0.008983612060546875,
        0.011010408401489258,
        0.008993864059448242,
        0.009001493453979492
    ]
}