{
    "dataset": 7,
    "size": 400,
    "threads-quantity": 19,
    "measured-results": [
        6.386760234832764,
        4.398604869842529,
        4.348988771438599,
        4.399000644683838,
        4.362992525100708,
        4.3609912395477295,
        4.274972438812256,
        4.347988128662109,
        4.454012632369995,
        4.26797080039978
    ]
}