{
    "dataset": 4,
    "size": 100,
    "threads-quantity": 7,
    "measured-results": [
        0.31450676918029785,
        0.30699610710144043,
        0.3099689483642578,
        0.30724310874938965,
        0.2997863292694092,
        0.30643725395202637,
        0.30799126625061035,
        0.31401848793029785,
        0.30730414390563965,
        0.4539811611175537
    ]
}