{
    "dataset": 7,
    "size": 400,
    "threads-quantity": 25,
    "measured-results": [
        6.565307140350342,
        4.178950071334839,
        4.141941785812378,
        4.175949811935425,
        4.273972034454346,
        4.151943922042847,
        4.1859517097473145,
        4.1469433307647705,
        4.152944326400757,
        4.132443904876709
    ]
}