{
    "dataset": 6,
    "size": 300,
    "threads-quantity": 1,
    "measured-results": [
        16.595441102981567,
        16.20105791091919,
        16.18198585510254,
        16.290045499801636,
        16.194000482559204,
        16.26701283454895,
        16.0140278339386,
        16.224826097488403,
        15.876784324645996,
        16.016443729400635
    ]
}