{
    "dataset": 3,
    "size": 80,
    "threads-quantity": 22,
    "measured-results": [
        1.999981164932251,
        0.0680539608001709,
        0.05068254470825195,
        0.04904770851135254,
        0.04625558853149414,
        0.045120954513549805,
        0.04654407501220703,
        0.043358564376831055,
        0.045229196548461914,
        0.045156002044677734
    ]
}