{
    "dataset": 2,
    "size": 40,
    "threads-quantity": 19,
    "measured-results": [
        1.683337688446045,
        0.01600337028503418,
        0.014002799987792969,
        0.015003442764282227,
        0.013004064559936523,
        0.012723684310913086,
        0.012001752853393555,
        0.010001897811889648,
        0.010296821594238281,
        0.009001970291137695
    ]
}