{
    "dataset": 2,
    "size": 40,
    "threads-quantity": 4,
    "measured-results": [
        0.17000603675842285,
        0.17397761344909668,
        0.1830432415008545,
        0.17050743103027344,
        0.16989779472351074,
        0.1685793399810791,
        0.17099714279174805,
        0.1736302375793457,
        0.16988730430603027,
        0.17203044891357422
    ]
}