{
    "dataset": 2,
    "size": 40,
    "threads-quantity": 1,
    "measured-results": [
        0.19145441055297852,
        0.1820690631866455,
        0.18412065505981445,
        0.17836761474609375,
        0.1811962127685547,
        0.1842339038848877,
        0.18409419059753418,
        0.1834707260131836,
        0.18142056465148926,
        0.1805708408355713
    ]
}