{
    "dataset": 1,
    "size": 20,
    "threads-quantity": 19,
    "measured-results": [
        1.5617797374725342,
        0.017003774642944336,
        0.012003421783447266,
        0.009002208709716797,
        0.007001161575317383,
        0.007001399993896484,
        0.006001710891723633,
        0.009001493453979492,
        0.009001970291137695,
        0.006361961364746094
    ]
}