{
    "dataset": 5,
    "size": 200,
    "threads-quantity": 31,
    "measured-results": [
        3.575258493423462,
        0.6036968231201172,
        0.556394100189209,
        0.562502384185791,
        0.5629367828369141,
        0.57025146484375,
        0.5742087364196777,
        0.5545856952667236,
        0.5584182739257812,
        0.5640015602111816
    ]
}