{
    "dataset": 7,
    "size": 400,
    "threads-quantity": 4,
    "measured-results": [
        11.132018804550171,
        10.873132467269897,
        10.867907047271729,
        10.832022666931152,
        10.82702350616455,
        10.675029754638672,
        10.897012948989868,
        10.744042873382568,
        10.886987447738647,
        10.871020793914795
    ]
}