{
    "dataset": 4,
    "size": 100,
    "threads-quantity": 16,
    "measured-results": [
        1.6671559810638428,
        1.6018524169921875,
        1.5608851909637451,
        1.5403046607971191,
        1.553877353668213,
        1.5445020198822021,
        1.5474441051483154,
        1.5809054374694824,
        1.5423803329467773,
        1.526597499847412
    ]
}