{
    "dataset": 5,
    "size": 200,
    "threads-quantity": 22,
    "measured-results": [
        2.584378480911255,
        0.5709881782531738,
        0.6050090789794922,
        0.5900006294250488,
        0.5918257236480713,
        0.5601739883422852,
        0.5665888786315918,
        0.5694131851196289,
        0.5617954730987549,
        0.5662107467651367
    ]
}