{
    "dataset": 5,
    "size": 200,
    "threads-quantity": 4,
    "measured-results": [
        2.057011365890503,
        1.3521740436553955,
        1.3299133777618408,
        1.3829336166381836,
        1.3099987506866455,
        1.2824187278747559,
        1.3175928592681885,
        1.3238632678985596,
        1.3132784366607666,
        1.339453935623169
    ]
}