{
    "dataset": 6,
    "size": 300,
    "threads-quantity": 13,
    "measured-results": [
        3.3789846897125244,
        2.069298028945923,
        2.054004669189453,
        2.044583559036255,
        2.0770134925842285,
        2.0410025119781494,
        2.0550074577331543,
        2.062434196472168,
        2.042583465576172,
        2.0530099868774414
    ]
}