{
    "dataset": 1,
    "size": 20,
    "threads-quantity": 13,
    "measured-results": [
        0.24393820762634277,
        0.24476313591003418,
        0.25831055641174316,
        0.2605586051940918,
        0.2513563632965088,
        0.24721813201904297,
        0.2573201656341553,
        0.2513251304626465,
        0.24824905395507812,
        0.24626636505126953
    ]
}