{
    "dataset": 8,
    "size": 500,
    "threads-quantity": 1,
    "measured-results": [
        73.73437285423279,
        75.19594287872314,
        73.35078048706055,
        72.95060181617737,
        73.1245346069336,
        73.07712292671204,
        74.7837028503418,
        74.88212442398071,
        73.67113208770752,
        73.24954795837402
    ]
}