{
    "dataset": 6,
    "size": 300,
    "threads-quantity": 10,
    "measured-results": [
        3.5062520503997803,
        2.3887243270874023,
        2.4094197750091553,
        2.3935933113098145,
        2.3764233589172363,
        2.3835926055908203,
        2.385019302368164,
        2.3986222743988037,
        2.3963897228240967,
        2.3534462451934814
    ]
}